config_label,tile_width,tile_height,min_active_pixels,mean_coverage_efficiency,mean_active_tiles,mean_sparse_ms,sparse_top1_acc,dense_masked_top1_acc,dense_unmasked_top1_acc
"w=14, h=14, minpix=1",14,14,1,0.6928451000997251,108.94248,9.10530701450545,43.342,43.342,66.82
"w=14, h=15, minpix=1",14,15,1,0.685388708565313,106.66814,9.115510288328405,43.346,43.342,66.82
"w=14, h=16, minpix=1",14,16,1,0.6801592200306982,100.9638,9.341296522539743,43.342,43.342,66.82
"w=14, h=17, minpix=1",14,17,1,0.6621122801415356,98.91584,9.326604785857343,43.346,43.342,66.82
"w=14, h=18, minpix=1",14,18,1,0.6593280815417937,96.41834,8.48206015316835,43.342,43.342,66.82
"w=15, h=14, minpix=1",15,14,1,0.685408428894585,106.06672,8.985638023613864,43.344,43.342,66.82
"w=15, h=15, minpix=1",15,15,1,0.6781131064435243,103.90088,11.556403851116556,43.336,43.342,66.82
"w=15, h=16, minpix=1",15,16,1,0.6729174960100537,98.3736,10.28084475983247,43.342,43.342,66.82
"w=15, h=17, minpix=1",15,17,1,0.6550439528901262,96.40744,10.56614309209668,43.342,43.342,66.82
"w=15, h=18, minpix=1",15,18,1,0.6523810136953963,94.01614,10.244517085788758,43.338,43.342,66.82
"w=16, h=14, minpix=1",16,14,1,0.679136280283252,100.71118,9.439341320065795,43.342,43.342,66.82
"w=16, h=15, minpix=1",16,15,1,0.6720939633050707,98.6651,10.315928418765543,43.342,43.342,66.82
"w=16, h=16, minpix=1",16,16,1,0.6669664836920361,93.50446,10.004949474432724,43.342,43.342,66.82
"w=16, h=17, minpix=1",16,17,1,0.6492080754272989,91.64338,9.17766434602483,43.338,43.342,66.82
"w=16, h=18, minpix=1",16,18,1,0.6466104765883751,89.37844,9.893259703024377,43.34,43.342,66.82
"w=17, h=14, minpix=1",17,14,1,0.664403167713037,98.21068,8.904966598410173,43.344,43.342,66.82
"w=17, h=15, minpix=1",17,15,1,0.6574974006884359,96.24794,10.26313259302806,43.336,43.342,66.82
"w=17, h=16, minpix=1",17,16,1,0.6523851832428933,91.22702,10.306091209043515,43.338,43.342,66.82
"w=17, h=17, minpix=1",17,17,1,0.6349610026886829,89.43732,10.352347005121047,43.344,43.342,66.82
"w=17, h=18, minpix=1",17,18,1,0.6325750612910854,87.26336,10.142148401375017,43.336,43.342,66.82
"w=18, h=14, minpix=1",18,14,1,0.6602782978387117,95.37684,10.030329974275592,43.342,43.342,66.82
"w=18, h=15, minpix=1",18,15,1,0.6534031357380357,93.52212,10.263353600915433,43.34,43.342,66.82
"w=18, h=16, minpix=1",18,16,1,0.6484986067206614,88.64452,9.583048179712787,43.34,43.342,66.82
"w=18, h=17, minpix=1",18,17,1,0.6311566590044368,86.93128,9.467876724031521,43.336,43.342,66.82
"w=18, h=18, minpix=1",18,18,1,0.6287935691037195,84.86148,9.437348305992781,43.342,43.342,66.82
"w=14, h=14, minpix=2",14,14,2,0.7018988141144041,108.0937,8.831598895762728,43.338,43.342,66.82
"w=14, h=15, minpix=2",14,15,2,0.6941881029552497,105.82396,9.650417620671652,43.31,43.342,66.82
"w=14, h=16, minpix=2",14,16,2,0.6886862439088005,100.20222,9.194438532971398,43.356,43.342,66.82
"w=14, h=17, minpix=2",14,17,2,0.6704579648722462,98.15978,8.719951544348733,43.372,43.342,66.82
"w=14, h=18, minpix=2",14,18,2,0.6675973760365931,95.67756,8.565857661606861,43.314,43.342,66.82
"w=15, h=14, minpix=2",15,14,2,0.6942930330666708,105.23554,8.805600051120127,43.34,43.342,66.82
"w=15, h=15, minpix=2",15,15,2,0.6866373353500209,103.07118,9.758459012438106,43.34,43.342,66.82
"w=15, h=16, minpix=2",15,16,2,0.6812795211623744,97.6244,9.776546112359647,43.33,43.342,66.82
"w=15, h=17, minpix=2",15,17,2,0.6631484154002092,95.65924,9.68574199668903,43.358,43.342,66.82
"w=15, h=18, minpix=2",15,18,2,0.6604659229392784,93.28658,9.718797911377187,43.348,43.342,66.82
"w=16, h=14, minpix=2",16,14,2,0.6877594880674126,99.95288,8.53217135221712,43.322,43.342,66.82
"w=16, h=15, minpix=2",16,15,2,0.6803973914034775,97.91148,9.445770761651803,43.354,43.342,66.82
"w=16, h=16, minpix=2",16,16,2,0.6751271741106523,92.81804,10.728190312707738,43.336,43.342,66.82
"w=16, h=17, minpix=2",16,17,2,0.6571141289301028,90.96518,10.394190224721097,43.33,43.342,66.82
"w=16, h=18, minpix=2",16,18,2,0.6545397798182752,88.71298,9.477697422542988,43.322,43.342,66.82
"w=17, h=14, minpix=2",17,14,2,0.6727270369347788,97.4588,8.95944093922284,43.334,43.342,66.82
"w=17, h=15, minpix=2",17,15,2,0.6655545710322367,95.49886,10.474281878731272,43.354,43.342,66.82
"w=17, h=16, minpix=2",17,16,2,0.6603264858093684,90.54786,10.009092784033564,43.34,43.342,66.82
"w=17, h=17, minpix=2",17,17,2,0.6427251912260011,88.76664,10.125970758579497,43.362,43.342,66.82
"w=17, h=18, minpix=2",17,18,2,0.6402548639634884,86.60398,9.59648532092222,43.332,43.342,66.82
"w=18, h=14, minpix=2",18,14,2,0.6685499471727081,94.6395,9.67131408559173,43.308,43.342,66.82
"w=18, h=15, minpix=2",18,15,2,0.661435231013417,92.79318,10.970625093128621,43.336,43.342,66.82
"w=18, h=16, minpix=2",18,16,2,0.6563330037702534,87.9836,9.923550169252412,43.304,43.342,66.82
"w=18, h=17, minpix=2",18,17,2,0.6388325281777616,86.27516,10.638681751120602,43.316,43.342,66.82
"w=18, h=18, minpix=2",18,18,2,0.636390708289186,84.21268,9.443983837536361,43.346,43.342,66.82
"w=14, h=14, minpix=3",14,14,3,0.7084356700577135,107.2024,7.157095898598636,43.348,43.342,66.82
"w=14, h=15, minpix=3",14,15,3,0.7006129550010289,104.9204,7.707393535740412,43.306,43.342,66.82
"w=14, h=16, minpix=3",14,16,3,0.6949849186850888,99.38724,7.206510770624445,43.324,43.342,66.82
"w=14, h=17, minpix=3",14,17,3,0.6766513945591143,97.34102,8.134385664939764,43.344,43.342,66.82
"w=14, h=18, minpix=3",14,18,3,0.6736288019525942,94.83212,7.086984529748588,43.304,43.342,66.82
"w=15, h=14, minpix=3",15,14,3,0.7007129338376847,104.35226,7.401965644932207,43.34,43.342,66.82
"w=15, h=15, minpix=3",15,15,3,0.6929458268126975,102.1886,9.491439772796149,43.372,43.342,66.82
"w=15, h=16, minpix=3",15,16,3,0.6874584829477116,96.82056,10.541055614456562,43.306,43.342,66.82
"w=15, h=17, minpix=3",15,17,3,0.6692850399210197,94.84296,12.562402071217075,43.362,43.342,66.82
"w=15, h=18, minpix=3",15,18,3,0.6664600083420422,92.44332,14.158686608214921,43.328,43.342,66.82
"w=16, h=14, minpix=3",16,14,3,0.694040713838333,99.14706,8.95813556325331,43.362,43.342,66.82
"w=16, h=15, minpix=3",16,15,3,0.686538644038109,97.1029,9.965322257637453,43.292,43.342,66.82
"w=16, h=16, minpix=3",16,16,3,0.6811738948408955,92.08444,8.619166066119796,43.304,43.342,66.82
"w=16, h=17, minpix=3",16,17,3,0.6630865062737213,90.22538,9.369916982772702,43.316,43.342,66.82
"w=16, h=18, minpix=3",16,18,3,0.6603452215124853,87.93656,7.976072102213802,43.308,43.342,66.82
"w=17, h=14, minpix=3",17,14,3,0.6789463372261028,96.6567,7.463746063096332,43.368,43.342,66.82
"w=17, h=15, minpix=3",17,15,3,0.6716743868684396,94.69158,9.415506643376721,43.354,43.342,66.82
"w=17, h=16, minpix=3",17,16,3,0.6663110962354996,89.81224,7.9431335581644085,43.332,43.342,66.82
"w=17, h=17, minpix=3",17,17,3,0.6486735040151238,88.02446,8.961476762676611,43.376,43.342,66.82
"w=17, h=18, minpix=3",17,18,3,0.6460851941690025,85.83128,8.394169210753171,43.314,43.342,66.82
"w=18, h=14, minpix=3",18,14,3,0.674546318315806,93.8223,7.478959578102222,43.352,43.342,66.82
"w=18, h=15, minpix=3",18,15,3,0.6673598426147808,91.98144,8.793728031328065,43.346,43.342,66.82
"w=18, h=16, minpix=3",18,16,3,0.6621516785161622,87.23124,7.614724725917622,43.302,43.342,66.82
"w=18, h=17, minpix=3",18,17,3,0.6445896642427347,85.52294,7.464570166300692,43.296,43.342,66.82
"w=18, h=18, minpix=3",18,18,3,0.6420138528946568,83.41514,7.108550781778177,43.374,43.342,66.82
"w=14, h=14, minpix=4",14,14,4,0.7146415292134394,106.36476,6.897892341069528,43.338,43.342,66.82
"w=14, h=15, minpix=4",14,15,4,0.7067601819508985,104.08436,7.721225416020024,43.322,43.342,66.82
"w=14, h=16, minpix=4",14,16,4,0.7009481662449011,98.6231,7.87531596563349,43.35,43.342,66.82
"w=14, h=17, minpix=4",14,17,4,0.6825157047343668,96.57482,7.375939194099629,43.286,43.342,66.82
"w=14, h=18, minpix=4",14,18,4,0.6793370737876213,94.0793,7.2301962268856,43.318,43.342,66.82
"w=15, h=14, minpix=4",15,14,4,0.7067036682078379,103.5228,8.790698555632844,43.316,43.342,66.82
"w=15, h=15, minpix=4",15,15,4,0.6988307437021191,101.3663,9.336481127564038,43.348,43.342,66.82
"w=15, h=16, minpix=4",15,16,4,0.6931693913344226,96.06498,9.05983257940039,43.296,43.342,66.82
"w=15, h=17, minpix=4",15,17,4,0.6749844886105834,94.08954,8.80530221841269,43.346,43.342,66.82
"w=15, h=18, minpix=4",15,18,4,0.6719655765665522,91.69852,8.712603168087954,43.312,43.342,66.82
"w=16, h=14, minpix=4",16,14,4,0.6999118446142458,98.39306,7.614504036117287,43.344,43.342,66.82
"w=16, h=15, minpix=4",16,15,4,0.6922366400020435,96.34776,8.221916264504252,43.306,43.342,66.82
"w=16, h=16, minpix=4",16,16,4,0.6868276836250148,91.3971,8.12070642720675,43.356,43.342,66.82
"w=16, h=17, minpix=4",16,17,4,0.6686429130902349,89.53378,7.741588229915651,43.318,43.342,66.82
"w=16, h=18, minpix=4",16,18,4,0.6657847668254837,87.25248,8.639968117579702,43.336,43.342,66.82
"w=17, h=14, minpix=4",17,14,4,0.6847941601488072,95.90928,7.7448881624746715,43.376,43.342,66.82
"w=17, h=15, minpix=4",17,15,4,0.6773511728086546,93.94862,8.111924579964834,43.338,43.342,66.82
"w=17, h=16, minpix=4",17,16,4,0.6718712030645351,89.12824,8.4379558480985,43.328,43.342,66.82
"w=17, h=17, minpix=4",17,17,4,0.6541827739315511,87.34422,8.282003086596086,43.358,43.342,66.82
"w=17, h=18, minpix=4",17,18,4,0.6514782263592083,85.15414,8.142064759513888,43.302,43.342,66.82
"w=18, h=14, minpix=4",18,14,4,0.6802348257529918,93.08154,8.271521400895727,43.322,43.342,66.82
"w=18, h=15, minpix=4",18,15,4,0.6728503268078857,91.24388,8.688456668506552,43.314,43.342,66.82
"w=18, h=16, minpix=4",18,16,4,0.6675646773243716,86.5559,8.306788105333398,43.348,43.342,66.82
"w=18, h=17, minpix=4",18,17,4,0.6499563308674986,84.84404,8.092932021821616,43.322,43.342,66.82
"w=18, h=18, minpix=4",18,18,4,0.6472432747731747,82.74518,7.582652797513584,43.36,43.342,66.82
"w=14, h=14, minpix=5",14,14,5,0.7197391254695185,105.51302,7.284723002855608,43.362,43.342,66.82
"w=14, h=15, minpix=5",14,15,5,0.7116980319927826,103.23952,7.798210905567394,43.292,43.342,66.82
"w=14, h=16, minpix=5",14,16,5,0.70577115543649,97.8444,10.010925327413425,43.334,43.342,66.82
"w=14, h=17, minpix=5",14,17,5,0.687139679733153,95.78732,7.803393306469079,43.23,43.342,66.82
"w=14, h=18, minpix=5",14,18,5,0.6839856625151723,93.2551,7.465012623139192,43.36,43.342,66.82
"w=15, h=14, minpix=5",15,14,5,0.7116239138382618,102.68658,8.166226898453315,43.288,43.342,66.82
"w=15, h=15, minpix=5",15,15,5,0.7036631768211034,100.5277,8.963271211113316,43.31,43.342,66.82
"w=15, h=16, minpix=5",15,16,5,0.6978470024839628,95.30066,8.51802645269403,43.284,43.342,66.82
"w=15, h=17, minpix=5",15,17,5,0.6796021218616661,93.3184,8.75954431272694,43.294,43.342,66.82
"w=15, h=18, minpix=5",15,18,5,0.6764908423702527,90.8855,10.678128073734115,43.32,43.342,66.82
"w=16, h=14, minpix=5",16,14,5,0.7047431455480913,97.62672,7.973916405680939,43.304,43.342,66.82
"w=16, h=15, minpix=5",16,15,5,0.6968958269993029,95.57668,9.512945418508608,43.29,43.342,66.82
"w=16, h=16, minpix=5",16,16,5,0.6914038717950358,90.69096,9.402688045318063,43.336,43.342,66.82
"w=16, h=17, minpix=5",16,17,5,0.6731515610129574,88.82148,9.497154489137174,43.3,43.342,66.82
"w=16, h=18, minpix=5",16,18,5,0.6701999624428763,86.49264,9.027194405722257,43.284,43.342,66.82
"w=17, h=14, minpix=5",17,14,5,0.6894650877155893,95.13644,9.17837045270484,43.354,43.342,66.82
"w=17, h=15, minpix=5",17,15,5,0.6819419553405832,93.18226,8.983021437787684,43.31,43.342,66.82
"w=17, h=16, minpix=5",17,16,5,0.6763838299488396,88.42032,8.250803261382098,43.326,43.342,66.82
"w=17, h=17, minpix=5",17,17,5,0.6585078475197839,86.63138,8.621048553355504,43.358,43.342,66.82
"w=17, h=18, minpix=5",17,18,5,0.6557661634160756,84.39296,9.243219917557726,43.288,43.342,66.82
"w=18, h=14, minpix=5",18,14,5,0.6848836859915431,92.28956,7.586898897949432,43.266,43.342,66.82
"w=18, h=15, minpix=5",18,15,5,0.6773652814471407,90.43758,9.2483260017063,43.244,43.342,66.82
"w=18, h=16, minpix=5",18,16,5,0.6720001396145532,85.81768,8.51197299681051,43.292,43.342,66.82
"w=18, h=17, minpix=5",18,17,5,0.6543158258760866,84.10306,8.454785720002256,43.296,43.342,66.82
"w=18, h=18, minpix=5",18,18,5,0.651497729208194,81.74262,8.3741167581419,43.352,43.342,66.82
