tile_width,tile_height,min_active_pixels,num_images,sparse_ms,dense_masked_ms,dense_unmasked_ms,active_tiles,active_ratio,sparse_vs_dense_masked_mean_abs_diff,sparse_vs_dense_masked_max_abs_diff,dense_masked_vs_unmasked_mean_abs_diff,dense_masked_vs_unmasked_max_abs_diff,sparse_vs_unmasked_mean_abs_diff,sparse_vs_unmasked_max_abs_diff,sparse_top1_acc,sparse_top5_acc,dense_masked_top1_acc,dense_masked_top5_acc,dense_unmasked_top1_acc,dense_unmasked_top5_acc,sparse_vs_dense_masked_pred_agreement,dense_masked_vs_unmasked_pred_agreement,sparse_vs_unmasked_pred_agreement
14,14,1,50000,9.10530701450545,2.8766884615220625,1.9984630984220348,108.94248,0.6189913636363635,0.0,0.0,0.0010146127853428635,0.999259352684021,0.0010146127853428635,0.999259352684021,43.342,63.78,43.342,63.78,66.82,87.514,100.0,48.346,48.346
14,15,1,50000,9.115510288328405,2.669744919920049,1.834642147121376,106.66814,0.6060689772727272,2.1978336541876066e-06,0.006389349699020386,0.0010146127853428635,0.999259352684021,0.0010146872009869825,0.9992590546607971,43.346,63.774,43.342,63.78,66.82,87.514,99.866,48.346,48.356
14,16,1,50000,9.341296522539743,2.8975076588366937,2.0009552637025627,100.9638,0.63102375,0.0,0.0,0.0010146127853428635,0.999259352684021,0.0010146127853428635,0.999259352684021,43.342,63.78,43.342,63.78,66.82,87.514,100.0,48.346,48.346
14,17,1,50000,9.326604785857343,2.9113462303529016,2.013890389560147,98.91584,0.618224,2.192463358371266e-06,0.006663322448730469,0.0010146127853428635,0.999259352684021,0.0010146874860467552,0.9992597103118896,43.346,63.776,43.342,63.78,66.82,87.514,99.858,48.346,48.354
14,18,1,50000,8.48206015316835,2.6753318488824878,1.8413403291231225,96.41834,0.602614625,0.0,0.0,0.0010146127853428635,0.999259352684021,0.0010146127853428635,0.999259352684021,43.342,63.78,43.342,63.78,66.82,87.514,100.0,48.346,48.346
15,14,1,50000,8.985638023613864,2.673378220839877,1.8342429654029546,106.06672,0.6026518181818182,2.1984472276159737e-06,0.006389349699020386,0.0010146127853428635,0.999259352684021,0.0010146870278493773,0.999259352684021,43.344,63.776,43.342,63.78,66.82,87.514,99.858,48.346,48.354
15,15,1,50000,11.556403851116556,3.0576589089159096,2.1256243626404467,103.90088,0.5903459090909091,2.1942643428214525e-06,0.0059032142162323,0.0010146127853428635,0.999259352684021,0.0010146878923157658,0.9992597699165344,43.336,63.774,43.342,63.78,66.82,87.514,99.846,48.346,48.354
15,16,1,50000,10.28084475983247,2.8436885319517753,1.9679520230220806,98.3736,0.614835,0.0,0.0,0.0010146127853428635,0.999259352684021,0.0010146127853428635,0.999259352684021,43.342,63.78,43.342,63.78,66.82,87.514,100.0,48.346,48.346
15,17,1,50000,10.56614309209668,2.9258387426465924,2.025014637092099,96.40744,0.6025465,2.192842279398419e-06,0.005738168954849243,0.0010146127853428635,0.999259352684021,0.0010146891670888207,0.9992597103118896,43.342,63.77,43.342,63.78,66.82,87.514,99.846,48.346,48.356
15,18,1,50000,10.244517085788758,2.894863325891638,1.9991200007222505,94.01614,0.587600875,2.192000759813488e-06,0.006206303834915161,0.0010146127853428635,0.999259352684021,0.001014688248882694,0.9992596507072449,43.338,63.768,43.342,63.78,66.82,87.514,99.856,48.346,48.358
16,14,1,50000,9.439341320065795,2.9449835103300575,2.0347158255849354,100.71118,0.6294448749999999,0.0,0.0,0.0010146127853428635,0.999259352684021,0.0010146127853428635,0.999259352684021,43.342,63.78,43.342,63.78,66.82,87.514,100.0,48.346,48.346
16,15,1,50000,10.315928418765543,2.866591197505622,1.9787735097369294,98.6651,0.616656875,0.0,0.0,0.0010146127853428635,0.999259352684021,0.0010146127853428635,0.999259352684021,43.342,63.78,43.342,63.78,66.82,87.514,100.0,48.346,48.346
16,16,1,50000,10.004949474432724,2.908376857947733,2.0140100344880194,93.50446,0.640441506849315,0.0,0.0,0.0010146127853428635,0.999259352684021,0.0010146127853428635,0.999259352684021,43.342,63.78,43.342,63.78,66.82,87.514,100.0,48.346,48.346
16,17,1,50000,9.17766434602483,2.6289489586826678,1.8004115670100873,91.64338,0.6276943835616439,6.407914228731662e-07,0.0018768012523651123,0.0010146127853428635,0.999259352684021,0.00101461343520658,0.9992594718933105,43.338,63.778,43.342,63.78,66.82,87.514,99.938,48.346,48.352
16,18,1,50000,9.893259703024377,2.923187799335792,2.0213067319553373,89.37844,0.6121810958904109,4.288214978141802e-08,0.0014393329620361328,0.0010146127853428635,0.999259352684021,0.00101461278526691,0.999259352684021,43.34,63.78,43.342,63.78,66.82,87.514,99.992,48.346,48.344
17,14,1,50000,8.904966598410173,2.7756282315029965,1.9077644855496327,98.21068,0.61381675,2.193377012644624e-06,0.006471782922744751,0.0010146127853428635,0.999259352684021,0.0010146838039547796,0.9992591142654419,43.344,63.772,43.342,63.78,66.82,87.514,99.86,48.346,48.354
17,15,1,50000,10.26313259302806,2.838776850538343,1.9576015122389072,96.24794,0.601549625,2.195187560187297e-06,0.005873352289199829,0.0010146127853428635,0.999259352684021,0.0010146868580445166,0.9992594718933105,43.336,63.772,43.342,63.78,66.82,87.514,99.848,48.346,48.344
17,16,1,50000,10.306091209043515,3.0002884741570597,2.080430134034832,91.22702,0.624842602739726,6.440752378679348e-07,0.0018628835678100586,0.0010146127853428635,0.999259352684021,0.0010146134230759767,0.9992594122886658,43.338,63.772,43.342,63.78,66.82,87.514,99.942,48.346,48.346
17,17,1,50000,10.352347005121047,2.9742960983911324,2.0662860776453456,89.43732,0.6125843835616438,2.1953922308751284e-06,0.006510913372039795,0.0010146127853428635,0.999259352684021,0.0010146851328784192,0.9992592334747314,43.344,63.776,43.342,63.78,66.82,87.514,99.856,48.346,48.356
17,18,1,50000,10.142148401375017,2.9836999170852505,2.069355000941141,87.26336,0.5976942465753424,2.1930590182651e-06,0.006042122840881348,0.0010146127853428635,0.999259352684021,0.0010146854581009688,0.9992595314979553,43.336,63.772,43.342,63.78,66.82,87.514,99.852,48.346,48.35
18,14,1,50000,10.030329974275592,3.252295473142076,2.270507240039369,95.37684,0.5961052499999999,0.0,0.0,0.0010146127853428635,0.999259352684021,0.0010146127853428635,0.999259352684021,43.342,63.78,43.342,63.78,66.82,87.514,100.0,48.346,48.346
18,15,1,50000,10.263353600915433,2.906247786906606,2.011983559395594,93.52212,0.58451325,2.1934481868802334e-06,0.0066314637660980225,0.0010146127853428635,0.999259352684021,0.0010146840736528057,0.9992594122886658,43.34,63.772,43.342,63.78,66.82,87.514,99.856,48.346,48.356
18,16,1,50000,9.583048179712787,2.8297507260474957,1.9564684100727028,88.64452,0.6071542465753424,4.1914225865999077e-08,0.0009140372276306152,0.0010146127853428635,0.999259352684021,0.0010146131224684839,0.9992594718933105,43.34,63.778,43.342,63.78,66.82,87.514,99.992,48.346,48.348
18,17,1,50000,9.467876724031521,2.7808056580854466,1.9155568984423008,86.93128,0.5954197260273972,2.1860008141543875e-06,0.006097674369812012,0.0010146127853428635,0.999259352684021,0.00101468527539821,0.9992595911026001,43.336,63.776,43.342,63.78,66.82,87.514,99.85,48.346,48.35
18,18,1,50000,9.437348305992781,2.8474396165712097,1.9678048097045393,84.86148,0.5812430136986302,0.0,0.0,0.0010146127853428635,0.999259352684021,0.0010146127853428635,0.999259352684021,43.342,63.78,43.342,63.78,66.82,87.514,100.0,48.346,48.346
14,14,2,50000,8.831598895762728,2.8008670554336277,1.9341296487879298,108.0937,0.61416875,1.1933263515268492e-05,0.13325077295303345,0.0010146127853428635,0.999259352684021,0.0010146591895618298,0.9992643594741821,43.338,63.78,43.342,63.78,66.82,87.514,99.116,48.346,48.326
14,15,2,50000,9.650417620671652,2.8616611273851595,1.9718708520154178,105.82396,0.6012725,1.3033457245195796e-05,0.13330131769180298,0.0010146127853428635,0.999259352684021,0.0010147505518108178,0.9992695450782776,43.31,63.77,43.342,63.78,66.82,87.514,99.006,48.346,48.338
14,16,2,50000,9.194438532971398,2.8726602946150526,1.9849240765061404,100.20222,0.626263875,1.0857113503090047e-05,0.13325077295303345,0.0010146127853428635,0.999259352684021,0.0010146597312844761,0.9992643594741821,43.356,63.748,43.342,63.78,66.82,87.514,99.098,48.346,48.336
14,17,2,50000,8.719951544348733,2.691602744535485,1.8461493563892146,98.15978,0.6134986250000001,1.2179356891827289e-05,0.10775822401046753,0.0010146127853428635,0.999259352684021,0.0010147213873088867,0.999264657497406,43.372,63.798,43.342,63.78,66.82,87.514,99.018,48.346,48.36
14,18,2,50000,8.565857661606861,2.715685752350837,1.8660278124673642,95.67756,0.59798475,1.0565213875656258e-05,0.14396482706069946,0.0010146127853428635,0.999259352684021,0.0010146469937560181,0.9992523789405823,43.314,63.782,43.342,63.78,66.82,87.514,99.138,48.346,48.326
15,14,2,50000,8.805600051120127,2.627680983178725,1.796581592819566,105.23554,0.5979292045454545,1.2640258271985774e-05,0.1286250352859497,0.0010146127853428635,0.999259352684021,0.0010146593816163457,0.9992616176605225,43.34,63.758,43.342,63.78,66.82,87.514,99.012,48.346,48.358
15,15,2,50000,9.758459012438106,2.582367534785444,1.7622302386909723,103.07118,0.5856317045454545,1.262212481095542e-05,0.13354024291038513,0.0010146127853428635,0.999259352684021,0.0010146800614950053,0.9992709755897522,43.34,63.726,43.342,63.78,66.82,87.514,98.972,48.346,48.328
15,16,2,50000,9.776546112359647,2.7202389963302993,1.8716605094715488,97.6244,0.6101525,1.0575815183874341e-05,0.12193599343299866,0.0010146127853428635,0.999259352684021,0.001014593242324317,0.9992710947990417,43.33,63.74,43.342,63.78,66.82,87.514,99.11,48.346,48.348
15,17,2,50000,9.68574199668903,2.672044430442038,1.836074781674397,95.65924,0.59787025,1.1828121367301667e-05,0.13069257140159607,0.0010146127853428635,0.999259352684021,0.0010147512023313166,0.9992997646331787,43.358,63.748,43.342,63.78,66.82,87.514,99.066,48.346,48.36
15,18,2,50000,9.718797911377187,2.7384481966373277,1.879072139882919,93.28658,0.583041125,1.1414580868086693e-05,0.1725441813468933,0.0010146127853428635,0.999259352684021,0.0010146947750735318,0.9992532730102539,43.348,63.778,43.342,63.78,66.82,87.514,99.11,48.346,48.342
16,14,2,50000,8.53217135221712,2.672910052900261,1.8251171849880483,99.95288,0.6247055,1.0880994091474002e-05,0.09547600150108337,0.0010146127853428635,0.999259352684021,0.0010146445531503815,0.9992550611495972,43.322,63.788,43.342,63.78,66.82,87.514,99.092,48.346,48.338
16,15,2,50000,9.445770761651803,2.609606859413034,1.7873126211164345,97.91148,0.61194675,1.0877549417052207e-05,0.10378268361091614,0.0010146127853428635,0.999259352684021,0.0010146275828389769,0.9992451667785645,43.354,63.762,43.342,63.78,66.82,87.514,99.09,48.346,48.364
16,16,2,50000,10.728190312707738,3.1460533785360165,2.1880088242312197,92.81804,0.63574,1.0016791922826744e-05,0.10038802027702332,0.0010146127853428635,0.999259352684021,0.0010146271095049378,0.9992408752441406,43.336,63.75,43.342,63.78,66.82,87.514,99.192,48.346,48.34
16,17,2,50000,10.394190224721097,3.0174072300812984,2.093997173821845,90.96518,0.6230491780821918,1.0401967895390935e-05,0.13045737147331238,0.0010146127853428635,0.999259352684021,0.00101463639739734,0.9992424845695496,43.33,63.784,43.342,63.78,66.82,87.514,99.122,48.346,48.342
16,18,2,50000,9.477697422542988,2.800091867874289,1.9336249348981074,88.71298,0.6076231506849314,9.567907058928129e-06,0.10570847988128662,0.0010146127853428635,0.999259352684021,0.0010146201366596312,0.9992296695709229,43.322,63.784,43.342,63.78,66.82,87.514,99.22,48.346,48.33
17,14,2,50000,8.95944093922284,2.8227735954923263,1.9450276051048423,97.4588,0.6091175,1.2239622085864102e-05,0.11212944984436035,0.0010146127853428635,0.999259352684021,0.0010147010547935846,0.9992897510528564,43.334,63.786,43.342,63.78,66.82,87.514,99.044,48.346,48.358
17,15,2,50000,10.474281878731272,2.9127903327986133,2.0144425253140796,95.49886,0.596867875,1.1943997932724368e-05,0.1355765163898468,0.0010146127853428635,0.999259352684021,0.0010147261971409013,0.9992644190788269,43.354,63.744,43.342,63.78,66.82,87.514,99.008,48.346,48.342
17,16,2,50000,10.009092784033564,2.9239396101550663,2.022551764065138,90.54786,0.6201908219178082,1.0333871564714494e-05,0.10151854157447815,0.0010146127853428635,0.999259352684021,0.0010146182484474494,0.9992652535438538,43.34,63.772,43.342,63.78,66.82,87.514,99.168,48.346,48.35
17,17,2,50000,10.125970758579497,2.9354338158419706,2.029887387370982,88.76664,0.6079906849315069,1.1155298626199748e-05,0.11853750050067902,0.0010146127853428635,0.999259352684021,0.0010146732186025725,0.9992682337760925,43.362,63.764,43.342,63.78,66.82,87.514,99.136,48.346,48.392
17,18,2,50000,9.59648532092222,2.8311189865706545,1.951317496096017,86.60398,0.5931779452054795,1.0875181689150685e-05,0.10802653431892395,0.0010146127853428635,0.999259352684021,0.0010147276879861966,0.9992897510528564,43.332,63.776,43.342,63.78,66.82,87.514,99.18,48.346,48.354
18,14,2,50000,9.67131408559173,3.12791093546286,2.1779714175945264,94.6395,0.591496875,1.0583875670655853e-05,0.11039397120475769,0.0010146127853428635,0.999259352684021,0.0010146483713515096,0.9992643594741821,43.308,63.756,43.342,63.78,66.82,87.514,99.15,48.346,48.348
18,15,2,50000,10.970625093128621,3.1502372188509615,2.1874834192289563,92.79318,0.579957375,1.159927674677919e-05,0.07923668622970581,0.0010146127853428635,0.999259352684021,0.001014722776579712,0.9992643594741821,43.336,63.746,43.342,63.78,66.82,87.514,99.062,48.346,48.348
18,16,2,50000,9.923550169252412,2.967644232638413,2.04736458122381,87.9836,0.6026273972602739,9.510920749283053e-06,0.08790449053049088,0.0010146127853428635,0.999259352684021,0.001014684915209272,0.9992644190788269,43.304,63.734,43.342,63.78,66.82,87.514,99.278,48.346,48.318
18,17,2,50000,10.638681751120602,3.1168780147530195,2.141409170287952,86.27516,0.5909257534246575,1.077260617251937e-05,0.12308193743228912,0.0010146127853428635,0.999259352684021,0.0010146945096609974,0.9992644786834717,43.316,63.77,43.342,63.78,66.82,87.514,99.104,48.346,48.352
18,18,2,50000,9.443983837536361,2.8195350686484018,1.9323424488816818,84.21268,0.5767991780821918,9.185857112965872e-06,0.09848958253860474,0.0010146127853428635,0.999259352684021,0.001014635501204528,0.9992643594741821,43.346,63.772,43.342,63.78,66.82,87.514,99.212,48.346,48.38
14,14,3,50000,7.157095898598636,2.231538343899156,1.4739591949462192,107.2024,0.6091045454545454,2.7542703814252486e-05,0.22645795345306396,0.0010146127853428635,0.999259352684021,0.001014602406915489,0.9992672801017761,43.348,63.792,43.342,63.78,66.82,87.514,97.866,48.346,48.324
14,15,3,50000,7.707393535740412,2.241633570279664,1.4854435597716655,104.9204,0.5961386363636364,2.7987234947797943e-05,0.18022140860557556,0.0010146127853428635,0.999259352684021,0.0010146936274232578,0.9992750287055969,43.306,63.8,43.342,63.78,66.82,87.514,97.682,48.346,48.312
14,16,3,50000,7.206510770624445,2.177726359563967,1.4312867410219041,99.38724,0.6211702499999999,2.5380929521834616e-05,0.1927558183670044,0.0010146127853428635,0.999259352684021,0.0010146132139063734,0.9992689490318298,43.324,63.754,43.342,63.78,66.82,87.514,97.974,48.346,48.268
14,17,3,50000,8.134385664939764,2.4691754310487886,1.6703916901182674,97.34102,0.608381375,2.6338911716324335e-05,0.20212793350219727,0.0010146127853428635,0.999259352684021,0.0010146399118702118,0.9992691278457642,43.344,63.766,43.342,63.78,66.82,87.514,97.91,48.346,48.34
14,18,3,50000,7.086984529748588,2.188233031799318,1.4488252020583605,94.83212,0.59270075,2.5166125300299812e-05,0.20374912023544312,0.0010146127853428635,0.999259352684021,0.0010145404460304092,0.9992544651031494,43.304,63.798,43.342,63.78,66.82,87.514,97.962,48.346,48.33
15,14,3,50000,7.401965644932207,2.171193496633641,1.4214905523300694,104.35226,0.5929105681818182,2.737789188432066e-05,0.1699555367231369,0.0010146127853428635,0.999259352684021,0.0010146314539766208,0.9992616176605225,43.34,63.766,43.342,63.78,66.82,87.514,97.886,48.346,48.342
15,15,3,50000,9.491439772796149,2.498926682004967,1.628504024873837,102.1886,0.5806170454545454,2.6957823027681248e-05,0.19738224148750305,0.0010146127853428635,0.999259352684021,0.0010145609134259747,0.9992709755897522,43.372,63.726,43.342,63.78,66.82,87.514,97.852,48.346,48.324
15,16,3,50000,10.541055614456562,2.9138720631647446,1.955909890144976,96.82056,0.6051285000000001,2.4712857146689987e-05,0.2180238664150238,0.0010146127853428635,0.999259352684021,0.0010144839503145892,0.999284565448761,43.306,63.75,43.342,63.78,66.82,87.514,98.044,48.346,48.292
15,17,3,50000,12.562402071217075,3.4925653221705577,2.426816633697308,94.84296,0.5927685,2.5725481634477223e-05,0.24927939474582672,0.0010146127853428635,0.999259352684021,0.0010146998757786664,0.9992997646331787,43.362,63.748,43.342,63.78,66.82,87.514,97.972,48.346,48.354
15,18,3,50000,14.158686608214921,4.0709988238231745,2.8658011486774195,92.44332,0.57777075,2.5256186796400698e-05,0.17933768033981323,0.0010146127853428635,0.999259352684021,0.0010146298801465422,0.9992586970329285,43.328,63.756,43.342,63.78,66.82,87.514,98.042,48.346,48.312
16,14,3,50000,8.95813556325331,2.789561296988977,1.9099810775066726,99.14706,0.619669125,2.5532826950268904e-05,0.16637304425239563,0.0010146127853428635,0.999259352684021,0.0010145640644121199,0.9992550611495972,43.362,63.792,43.342,63.78,66.82,87.514,97.898,48.346,48.33
16,15,3,50000,9.965322257637453,2.754331183070026,1.891945068804489,97.1029,0.606893125,2.5279478649535588e-05,0.3019280731678009,0.0010146127853428635,0.999259352684021,0.0010145148852343101,0.9992451667785645,43.292,63.742,43.342,63.78,66.82,87.514,97.932,48.346,48.312
16,16,3,50000,8.619166066119796,2.4630147192522416,1.6585037301736885,92.08444,0.6307153424657534,2.3694556245866937e-05,0.23449859023094177,0.0010146127853428635,0.999259352684021,0.0010144832133000847,0.9992574453353882,43.304,63.766,43.342,63.78,66.82,87.514,98.054,48.346,48.304
16,17,3,50000,9.369916982772702,2.7079082239035053,1.8317463461760781,90.22538,0.6179820547945205,2.3899399955491655e-05,0.22049924731254578,0.0010146127853428635,0.999259352684021,0.001014584231755668,0.9992424845695496,43.316,63.762,43.342,63.78,66.82,87.514,98.094,48.346,48.314
16,18,3,50000,7.976072102213802,2.373331120699004,1.5864211865485414,87.93656,0.6023052054794521,2.3203271920452746e-05,0.19108222424983978,0.0010146127853428635,0.999259352684021,0.001014487035948273,0.9992296695709229,43.308,63.814,43.342,63.78,66.82,87.514,98.164,48.346,48.324
17,14,3,50000,7.463746063096332,2.340169373676472,1.5771160475697252,96.6567,0.604104375,2.6346948990576258e-05,0.203994482755661,0.0010146127853428635,0.999259352684021,0.0010146127994440529,0.9992954730987549,43.368,63.782,43.342,63.78,66.82,87.514,97.904,48.346,48.378
17,15,3,50000,9.415506643376721,2.6136926783149828,1.8164873559956323,94.69158,0.591822375,2.5848528976192907e-05,0.1921355128288269,0.0010146127853428635,0.999259352684021,0.0010146626943394587,0.9992706179618835,43.354,63.77,43.342,63.78,66.82,87.514,97.894,48.346,48.34
17,16,3,50000,7.9431335581644085,2.304938132125826,1.5696040882368107,89.81224,0.6151523287671232,2.401030074395117e-05,0.21437659859657288,0.0010146127853428635,0.999259352684021,0.0010146067431905945,0.9992717504501343,43.332,63.728,43.342,63.78,66.82,87.514,98.1,48.346,48.35
17,17,3,50000,8.961476762676611,2.598120964463451,1.7681474449657253,88.02446,0.6029072602739726,2.442842094249859e-05,0.21254530549049377,0.0010146127853428635,0.999259352684021,0.0010146371201310604,0.9992741942405701,43.376,63.762,43.342,63.78,66.82,87.514,98.052,48.346,48.378
17,18,3,50000,8.394169210753171,2.485538789992861,1.6704961647753953,85.83128,0.5878854794520548,2.4015929295422582e-05,0.19123674929141998,0.0010146127853428635,0.999259352684021,0.0010147821396590893,0.9992956519126892,43.314,63.76,43.342,63.78,66.82,87.514,98.118,48.346,48.348
18,14,3,50000,7.478959578102222,2.399294287719822,1.598210118324787,93.8223,0.586389375,2.509088017794439e-05,0.24592027068138123,0.0010146127853428635,0.999259352684021,0.001014657793911112,0.9992710947990417,43.352,63.762,43.342,63.78,66.82,87.514,98.046,48.346,48.378
18,15,3,50000,8.793728031328065,2.492386435987137,1.6940622410996002,91.98144,0.574884,2.507243279485261e-05,0.15892866253852844,0.0010146127853428635,0.999259352684021,0.0010147801511203025,0.9992706179618835,43.346,63.724,43.342,63.78,66.82,87.514,98.002,48.346,48.336
18,16,3,50000,7.614724725917622,2.2682133937304023,1.5277923894999548,87.23124,0.5974742465753424,2.310014069247258e-05,0.17490801215171814,0.0010146127853428635,0.999259352684021,0.0010146567822993317,0.9992712736129761,43.302,63.752,43.342,63.78,66.82,87.514,98.208,48.346,48.292
18,17,3,50000,7.464570166300692,2.216864902721427,1.5047996227027034,85.52294,0.5857735616438356,2.3740614218832398e-05,0.20576782524585724,0.0010146127853428635,0.999259352684021,0.001014758536563737,0.9992707967758179,43.296,63.74,43.342,63.78,66.82,87.514,98.158,48.346,48.32
18,18,3,50000,7.108550781778177,2.1481946002368932,1.4252239875140367,83.41514,0.5713365753424657,2.2586482038191962e-05,0.19108222424983978,0.0010146127853428635,0.999259352684021,0.0010146201627590364,0.9992882609367371,43.374,63.722,43.342,63.78,66.82,87.514,98.21,48.346,48.422
14,14,4,50000,6.897892341069528,2.219047148457321,1.472399211290176,106.36476,0.6043452272727272,4.3697283205065016e-05,0.35562384128570557,0.0010146127853428635,0.999259352684021,0.0010144799801780182,0.9992388486862183,43.338,63.744,43.342,63.78,66.82,87.514,96.694,48.346,48.294
14,15,4,50000,7.721225416020024,2.32892065294669,1.5566002593349548,104.08436,0.5913884090909092,4.3409895471309825e-05,0.3729230761528015,0.0010146127853428635,0.999259352684021,0.0010146434626216276,0.9992474913597107,43.322,63.74,43.342,63.78,66.82,87.514,96.602,48.346,48.3
14,16,4,50000,7.87531596563349,2.427613694157335,1.6548219258562313,98.6231,0.616394375,4.0730002518073963e-05,0.30426132678985596,0.0010146127853428635,0.999259352684021,0.0010145896854597328,0.9992409348487854,43.35,63.768,43.342,63.78,66.82,87.514,96.78,48.346,48.3
14,17,4,50000,7.375939194099629,2.2843580282415497,1.5361071134911617,96.57482,0.603592625,4.15858257974084e-05,0.30450960993766785,0.0010146127853428635,0.999259352684021,0.001014705754263406,0.9992409348487854,43.286,63.774,43.342,63.78,66.82,87.514,96.796,48.346,48.314
14,18,4,50000,7.2301962268856,2.282161678048142,1.5227543284054263,94.0793,0.587995625,3.995099367373413e-05,0.30426132678985596,0.0010146127853428635,0.999259352684021,0.0010145281585707498,0.9992544651031494,43.318,63.798,43.342,63.78,66.82,87.514,96.906,48.346,48.33
15,14,4,50000,8.790698555632844,2.6379326434861285,1.76683535329008,103.5228,0.5881977272727272,4.270216328617838e-05,0.28793221712112427,0.0010146127853428635,0.999259352684021,0.0010143956067849538,0.9992616176605225,43.316,63.77,43.342,63.78,66.82,87.514,96.684,48.346,48.306
15,15,4,50000,9.336481127564038,2.4966043561475817,1.665401953246619,101.3663,0.5759448863636364,4.2042469232627493e-05,0.3124116063117981,0.0010146127853428635,0.999259352684021,0.0010146162169485614,0.9992709755897522,43.348,63.778,43.342,63.78,66.82,87.514,96.686,48.346,48.302
15,16,4,50000,9.05983257940039,2.5162875237487605,1.6983706111690844,96.06498,0.600406125,3.96621014485308e-05,0.28107476234436035,0.0010146127853428635,0.999259352684021,0.0010142300412737252,0.999284565448761,43.296,63.78,43.342,63.78,66.82,87.514,96.874,48.346,48.296
15,17,4,50000,8.80530221841269,2.449871743871481,1.6657689962061704,94.08954,0.588059625,4.023578575778371e-05,0.28162482380867004,0.0010146127853428635,0.999259352684021,0.001014542530616026,0.9992997646331787,43.346,63.744,43.342,63.78,66.82,87.514,96.844,48.346,48.354
15,18,4,50000,8.712603168087954,2.4893498668348184,1.7025673125774483,91.69852,0.57311575,3.9384965324774415e-05,0.28116917610168457,0.0010146127853428635,0.999259352684021,0.0010146003635879924,0.9992425441741943,43.312,63.748,43.342,63.78,66.82,87.514,96.924,48.346,48.292
16,14,4,50000,7.614504036117287,2.3907296521234094,1.5916001579572912,98.39306,0.614956625,4.0898518726070135e-05,0.29387521743774414,0.0010146127853428635,0.999259352684021,0.0010144359798270734,0.9992607235908508,43.344,63.784,43.342,63.78,66.82,87.514,96.716,48.346,48.306
16,15,4,50000,8.221916264504252,2.2905933017848294,1.5243177008334896,96.34776,0.6021735,4.019931939586799e-05,0.3019280731678009,0.0010146127853428635,0.999259352684021,0.001014568687461513,0.9992526769638062,43.306,63.754,43.342,63.78,66.82,87.514,96.82,48.346,48.32
16,16,4,50000,8.12070642720675,2.3766825856416833,1.5874579951641499,91.3971,0.6260075342465753,3.831241665841832e-05,0.28700828552246094,0.0010146127853428635,0.999259352684021,0.0010144091474730494,0.999281644821167,43.356,63.772,43.342,63.78,66.82,87.514,96.856,48.346,48.324
16,17,4,50000,7.741588229915651,2.240052680718072,1.482740636244125,89.53378,0.6132450684931506,3.864415226335004e-05,0.42940282821655273,0.0010146127853428635,0.999259352684021,0.0010144296412307103,0.9992509484291077,43.318,63.736,43.342,63.78,66.82,87.514,96.888,48.346,48.324
16,18,4,50000,8.639968117579702,2.539718716350326,1.7466911022478597,87.25248,0.5976197260273972,3.737932311694951e-05,0.4782680869102478,0.0010146127853428635,0.999259352684021,0.001014493421257132,0.9992296695709229,43.336,63.81,43.342,63.78,66.82,87.514,97.102,48.346,48.324
17,14,4,50000,7.7448881624746715,2.4373784000240266,1.661587259392836,95.90928,0.599433,4.1367535035887684e-05,0.23423928022384644,0.0010146127853428635,0.999259352684021,0.0010144939830155008,0.9993024468421936,43.376,63.744,43.342,63.78,66.82,87.514,96.758,48.346,48.36
17,15,4,50000,8.111924579964834,2.2596953099040546,1.5229738425460528,93.94862,0.587178875,4.0578491909106246e-05,0.2573203146457672,0.0010146127853428635,0.999259352684021,0.0010146604473026425,0.9992661476135254,43.338,63.75,43.342,63.78,66.82,87.514,96.79,48.346,48.314
17,16,4,50000,8.4379558480985,2.447591203385964,1.6451367649284656,89.12824,0.610467397260274,3.830961998575247e-05,0.28107476234436035,0.0010146127853428635,0.999259352684021,0.0010146033486094328,0.9992717504501343,43.328,63.724,43.342,63.78,66.82,87.514,97.0,48.346,48.344
17,17,4,50000,8.282003086596086,2.413823911205982,1.6099530362049699,87.34422,0.5982480821917808,3.87026055100225e-05,0.3871991038322449,0.0010146127853428635,0.999259352684021,0.0010146111326422476,0.9992806315422058,43.358,63.758,43.342,63.78,66.82,87.514,96.926,48.346,48.378
17,18,4,50000,8.142064759513888,2.4235046048802906,1.6195481034071417,85.15414,0.5832475342465754,3.764659579130881e-05,0.3858104348182678,0.0010146127853428635,0.999259352684021,0.0010147107715630602,0.9992557764053345,43.302,63.75,43.342,63.78,66.82,87.514,96.99,48.346,48.296
18,14,4,50000,8.271521400895727,2.652084738382255,1.8327112250882782,93.08154,0.581759625,4.012035197182749e-05,0.28107476234436035,0.0010146127853428635,0.999259352684021,0.0010146576652265418,0.9992746114730835,43.322,63.74,43.342,63.78,66.82,87.514,96.952,48.346,48.37
18,15,4,50000,8.688456668506552,2.4750969551395974,1.694168872978189,91.24388,0.57027425,3.959806566266841e-05,0.279541939496994,0.0010146127853428635,0.999259352684021,0.0010147050064700026,0.9992706179618835,43.314,63.718,43.342,63.78,66.82,87.514,96.938,48.346,48.302
18,16,4,50000,8.306788105333398,2.5045408961788054,1.710134275946475,86.5559,0.5928486301369863,3.7508481501446564e-05,0.37721115350723267,0.0010146127853428635,0.999259352684021,0.0010145930608143206,0.9992712736129761,43.348,63.766,43.342,63.78,66.82,87.514,97.05,48.346,48.3
18,17,4,50000,8.092932021821616,2.4004806659021414,1.6064125130008324,84.84404,0.5811235616438356,3.770485424036365e-05,0.513835072517395,0.0010146127853428635,0.999259352684021,0.0010147481942613056,0.9992621541023254,43.322,63.792,43.342,63.78,66.82,87.514,96.978,48.346,48.338
18,18,4,50000,7.582652797513584,2.2860181518035825,1.5199933347126353,82.74518,0.5667478082191781,3.629189118762004e-05,0.3048216700553894,0.0010146127853428635,0.999259352684021,0.0010145753306354647,0.999190092086792,43.36,63.722,43.342,63.78,66.82,87.514,97.234,48.346,48.368
14,14,5,50000,7.284723002855608,2.353250586578506,1.5623261191754136,105.51302,0.5995057954545454,5.989498588576135e-05,0.4437124729156494,0.0010146127853428635,0.999259352684021,0.001014341608348431,0.9992502331733704,43.362,63.686,43.342,63.78,66.82,87.514,95.402,48.346,48.32
14,15,5,50000,7.798210905567394,2.353042804451834,1.5636422639491503,103.23952,0.5865881818181817,5.886833644807037e-05,0.4068032503128052,0.0010146127853428635,0.999259352684021,0.0010146120574329657,0.9992589354515076,43.292,63.762,43.342,63.78,66.82,87.514,95.368,48.346,48.244
14,16,5,50000,10.010925327413425,3.137525942460925,2.1931309810627138,97.8444,0.6115275,5.6000649707047005e-05,0.3296225070953369,0.0010146127853428635,0.999259352684021,0.0010144168630655116,0.9992525577545166,43.334,63.768,43.342,63.78,66.82,87.514,95.624,48.346,48.286
14,17,5,50000,7.803393306469079,2.4446360462644954,1.662712205525313,95.78732,0.5986707499999999,5.6539292478672305e-05,0.3187564015388489,0.0010146127853428635,0.999259352684021,0.001014753514372304,0.9991819262504578,43.23,63.788,43.342,63.78,66.82,87.514,95.57,48.346,48.26
14,18,5,50000,7.465012623139192,2.387256232414511,1.6225605847709812,93.2551,0.582844375,5.5216994463301246e-05,0.30426132678985596,0.0010146127853428635,0.999259352684021,0.0010143481752534018,0.9991974830627441,43.36,63.786,43.342,63.78,66.82,87.514,95.59,48.346,48.356
15,14,5,50000,8.166226898453315,2.4613591613067545,1.6769734947450343,102.68658,0.5834464772727274,5.8051748367715545e-05,0.36195501685142517,0.0010146127853428635,0.999259352684021,0.0010142034923983775,0.9992280006408691,43.288,63.756,43.342,63.78,66.82,87.514,95.486,48.346,48.268
15,15,5,50000,8.963271211113316,2.416323291566514,1.610627407245338,100.5277,0.5711801136363636,5.699401685197922e-05,0.3697630763053894,0.0010146127853428635,0.999259352684021,0.0010145348456629688,0.9992359280586243,43.31,63.77,43.342,63.78,66.82,87.514,95.604,48.346,48.308
15,16,5,50000,8.51802645269403,2.421403157947643,1.6193540978405507,95.30066,0.5956291250000001,5.4446584927865374e-05,0.3559243679046631,0.0010146127853428635,0.999259352684021,0.0010139500608588134,0.9992511868476868,43.284,63.76,43.342,63.78,66.82,87.514,95.73,48.346,48.33
15,17,5,50000,8.75954431272694,2.4392469045051257,1.663471809931507,93.3184,0.58324,5.466909474392576e-05,0.3118933141231537,0.0010146127853428635,0.999259352684021,0.0010144911769793695,0.9992378950119019,43.294,63.73,43.342,63.78,66.82,87.514,95.752,48.346,48.312
15,18,5,50000,10.678128073734115,3.0542129853193183,2.1189310425281294,90.8855,0.568034375,5.389462066134948e-05,0.5228098034858704,0.0010146127853428635,0.999259352684021,0.001014583760004224,0.9992316961288452,43.32,63.776,43.342,63.78,66.82,87.514,95.698,48.346,48.334
16,14,5,50000,7.973916405680939,2.5046280279400523,1.650529723825166,97.62672,0.610167,5.618557155389915e-05,0.3893505930900574,0.0010146127853428635,0.999259352684021,0.0010143497344498366,0.9992663860321045,43.304,63.794,43.342,63.78,66.82,87.514,95.474,48.346,48.304
16,15,5,50000,9.512945418508608,2.6673465348029275,1.7797802210983356,95.57668,0.59735425,5.530637603316622e-05,0.3441154360771179,0.0010146127853428635,0.999259352684021,0.0010145458622620566,0.9992542266845703,43.29,63.76,43.342,63.78,66.82,87.514,95.584,48.346,48.346
16,16,5,50000,9.402688045318063,2.773231790153368,1.8419351797251147,90.69096,0.6211709589041097,5.277731934542905e-05,0.29601603746414185,0.0010146127853428635,0.999259352684021,0.001014334914527556,0.9992824792861938,43.336,63.782,43.342,63.78,66.82,87.514,95.704,48.346,48.318
16,17,5,50000,9.497154489137174,2.774986649038328,1.86812216426566,88.82148,0.608366301369863,5.31156161478264e-05,0.42940282821655273,0.0010146127853428635,0.999259352684021,0.0010143833004059907,0.9992340803146362,43.3,63.734,43.342,63.78,66.82,87.514,95.748,48.346,48.322
16,18,5,50000,9.027194405722257,2.698529496100382,1.8328565360198263,86.49264,0.5924153424657534,5.213724310961392e-05,0.4782680869102478,0.0010146127853428635,0.999259352684021,0.001014539974558719,0.999218761920929,43.284,63.74,43.342,63.78,66.82,87.514,95.892,48.346,48.286
17,14,5,50000,9.17837045270484,2.909292433943192,1.974945354264055,95.13644,0.5946027500000001,5.6636727040272656e-05,0.3489067554473877,0.0010146127853428635,0.999259352684021,0.0010143036722037536,0.99928218126297,43.354,63.754,43.342,63.78,66.82,87.514,95.544,48.346,48.338
17,15,5,50000,8.983021437787684,2.530092515372671,1.6741344004616259,93.18226,0.582389125,5.5497222523602234e-05,0.3792042136192322,0.0010146127853428635,0.999259352684021,0.0010147421742868518,0.999244749546051,43.31,63.722,43.342,63.78,66.82,87.514,95.658,48.346,48.272
17,16,5,50000,8.250803261382098,2.416396405356645,1.6076540852076142,88.42032,0.6056186301369864,5.270662578187365e-05,0.4060644507408142,0.0010146127853428635,0.999259352684021,0.0010144594975729823,0.9992448687553406,43.326,63.692,43.342,63.78,66.82,87.514,95.832,48.346,48.34
17,17,5,50000,8.621048553355504,2.5304923659106136,1.700228450484574,86.63138,0.5933656164383562,5.305861439882696e-05,0.3871991038322449,0.0010146127853428635,0.999259352684021,0.0010146826806573938,0.9992542862892151,43.358,63.704,43.342,63.78,66.82,87.514,95.79,48.346,48.362
17,18,5,50000,9.243219917557726,2.7550075273326367,1.9049729300016771,84.39296,0.5780339726027397,5.2036543085971865e-05,0.5399567484855652,0.0010146127853428635,0.999259352684021,0.0010147711067120895,0.9992600679397583,43.288,63.736,43.342,63.78,66.82,87.514,95.956,48.346,48.298
18,14,5,50000,7.586898897949432,2.454451927721675,1.6628465580838383,92.28956,0.57680975,5.535702729712504e-05,0.3308839499950409,0.0010146127853428635,0.999259352684021,0.0010145032937846218,0.9992515444755554,43.266,63.712,43.342,63.78,66.82,87.514,95.816,48.346,48.33
18,15,5,50000,9.2483260017063,2.672166114751308,1.829030649199267,90.43758,0.565234875,5.462219385562736e-05,0.32549065351486206,0.0010146127853428635,0.999259352684021,0.0010148179612265577,0.999241828918457,43.244,63.704,43.342,63.78,66.82,87.514,95.738,48.346,48.262
18,16,5,50000,8.51197299681051,2.5736155295069327,1.7268850706639933,85.81768,0.5877923287671233,5.2207886222275534e-05,0.31187474727630615,0.0010146127853428635,0.999259352684021,0.001014437160589777,0.9992579221725464,43.292,63.702,43.342,63.78,66.82,87.514,95.918,48.346,48.236
18,17,5,50000,8.454785720002256,2.5411843625491017,1.7031939485567273,84.10306,0.5760483561643835,5.198166918106161e-05,0.5555284023284912,0.0010146127853428635,0.999259352684021,0.0010147699678588352,0.9991879463195801,43.296,63.764,43.342,63.78,66.82,87.514,95.892,48.346,48.312
18,18,5,50000,8.3741167581419,2.6004880307248097,1.749802187094465,81.74262,0.5598809589041096,5.1761906128430584e-05,0.3048216700553894,0.0010146127853428635,0.999259352684021,0.0010146539573280512,0.9992049336433411,43.352,63.698,43.342,63.78,66.82,87.514,95.916,48.346,48.374
